{"schemaVersion":"1.0","appDefinitionTemplate":{"id":"/providers/Microsoft.PowerApps/apps/","type":"Microsoft.PowerApps/apps","tags":{"primaryDeviceWidth":"1366","primaryDeviceHeight":"768","supportsPortrait":"true","supportsLandscape":"true","primaryFormFactor":"Tablet","publisherVersion":"3.23024.21","minimumRequiredApiVersion":"2.2.0","hasComponent":"false","hasUnlockedComponent":"false","isUnifiedRootApp":"false","sienaVersion":"20230311T144837Z-3.23024.21.0"},"properties":{"appVersion":"2023-03-11T14:48:37Z","lifeCycleId":"Published","createdByClientVersion":{"major":3,"minor":23024,"build":21,"revision":0,"majorRevision":0,"minorRevision":0},"minClientVersion":{"major":3,"minor":23024,"build":21,"revision":0,"majorRevision":0,"minorRevision":0},"backgroundColor":"RGBA(0,176,240,1)","backgroundImageUri":"/6575128403192666580/N45847712-15db-45a2-9690-176796d2e281-logoSmallFile","displayName":"MultipleAttachmentUploadToDataverse","description":"","commitMessage":"","appUris":{"documentUri":{"value":"/6575128403192666580/N053dd09b-556a-4238-85f8-6012be7d0c7c-document.msapp"},"imageUris":[],"additionalUris":[]},"createdTime":"0001-01-01T00:00:00Z","lastModifiedTime":"0001-01-01T00:00:00Z","sharedGroupsCount":0,"sharedUsersCount":0,"connectionReferences":{},"databaseReferences":{"default.cds":{"databaseDetails":{"referenceType":"Environmental","environmentName":"default.cds","overrideValues":{"status":"NotSpecified"}},"dataSources":{"contract supporting docs":{"entitySetName":"cr45e_contractsupportingdocs","logicalName":"cr45e_contractsupportingdoc"},"Contracts":{"entitySetName":"cr45e_contracts","logicalName":"cr45e_contract"},"Bulk Delete Failures":{"entitySetName":"bulkdeletefailures","logicalName":"bulkdeletefailure"}},"actions":["providers/PowerPlatform.Governance/Operations/Read"]}},"almMode":"Environment","performanceOptimizationEnabled":true,"canConsumeAppPass":true,"enableModernRuntimeMode":false,"executionRestrictions":{"isTeamsOnly":false,"dataLossPreventionEvaluationResult":{"status":"Compliant","lastEvaluationDate":"2023-03-10T07:34:58.6580902Z","violations":[],"violationsByPolicy":[],"violationErrorMessage":"The app uses the following connectors: shared_commondataservice."}}},"appType":"ClassicCanvasApp","appComponents":[]}}